,discount,predict_sale,predict_margin
0,0.3,-3342.3435652828193,20539.387373127814
1,0.35,34440.066543929686,17884.468678384466
2,0.4,72222.47665314231,15229.549983641122
3,0.45,110004.88676235481,12574.631288897774
4,0.5,147787.29687156738,9919.71259415443
5,0.55,185569.70698078,7264.793899411081
6,0.6,223352.1170899925,4609.875204667733
7,0.65,261134.52719920513,1954.9565099243846
8,0.7,298916.93730841775,-699.9621848189636
9,0.75,336699.3474176304,-3354.880879562319
